"TOA5","USL_Winch_IP","CR1000","83445","CR1000.Std.31","CPU:USL_1M_6H.cr1","21122","PFL_Step"
"TIMESTAMP","RECORD","PFL_Counter","_CntRS232","_RS232Dpt","sensorParms(1)","sensorParms(2)","sensorParms(3)","sensorParms(4)","sensorParms(5)","sensorParms(6)","sensorParms(7)","sensorParms(8)","sensorParms(9)","sensorParms(10)","sensorParms(11)","sensorParms(12)","sensorParms(13)","sensorParms(14)"
"TS","RN","","","","","","","","","","","","","","","","",""
"","","Smp","Smp","Smp","Smp","Smp","Smp","Smp","Smp","Smp","Smp","Smp","Smp","Smp","Smp","Smp","Smp","Smp"
"2017-05-23 18:26:57",0,1,1,0.935,13.84,58.06,0.935,0.948,103.32,10.68,7.9,0.66,-0.21,0.14,1.64,7.51,6.22,12.13
"2017-05-23 18:28:14",1,1,1,2.084,13.574,58.13,2.084,2.082,102.69,10.68,7.87,0.68,-0.22,0.14,2.19,9.89,6.22,12.23
"2017-05-23 18:29:30",2,1,1,3.018,13.106,58.32,3.018,3.018,101.36,10.65,7.84,0.74,-0.19,0.16,2.29,10.34,6.22,12.62
"2017-05-23 18:30:46",3,1,1,4.049,12.298,58.71,4.049,4.049,99.23,10.62,7.8,0.66,-0.14,0.22,2.74,12.28,6.22,12.59
"2017-05-23 18:32:02",4,1,1,5.067,12.083,58.83,5.067,5.066,98.11,10.55,7.76,0.72,-0.09,0.27,3.3,14.68,6.22,12.53
"2017-05-23 18:33:18",5,1,1,6.048,11.754,58.94,6.048,6.048,97.05,10.52,7.7,0.87,-0.01,0.35,2.65,11.86,6.22,12.25
"2017-05-23 18:34:34",6,1,1,7.054,11.352,59.03,7.054,7.054,95.69,10.47,7.64,0.66,-0.14,0.22,2.73,12.21,6.22,12.59
"2017-05-23 18:35:50",7,1,1,8.05,10.894,59,8.046,8.047,92.3,10.2,7.57,0.58,-0.15,0.2,2.27,10.24,6.22,12.58
"2017-05-23 18:37:08",8,1,1,9.11,10.503,59.15,9.107,9.108,91.38,10.19,7.5,0.64,-0.2,0.16,1.68,7.7,6.22,12.26
"2017-05-23 18:38:24",9,1,1,10.04,10.229,59.25,10.036,10.036,90.26,10.13,7.44,0.44,-0.19,0.17,1.78,8.12,6.22,12.27
"2017-05-23 18:39:40",10,1,1,11,9.612,59.77,10.996,10.995,89.07,10.15,7.4,0.58,-0.22,0.14,1.73,7.9,6.22,12.51
"2017-05-23 18:40:59",11,1,1,12.09,9.236,60,12.09,12.09,87.75,10.09,7.33,0.46,-0.25,0.1,1.34,6.24,6.22,12.61
"2017-05-23 18:42:15",12,1,1,13.02,8.988,60.01,13.022,13.02,86.29,9.98,7.29,0.48,-0.27,0.08,1.05,4.99,6.22,12.61
"2017-05-23 18:43:31",13,1,1,14.02,8.686,60.23,14.024,14.024,85.16,9.92,7.23,0.43,-0.25,0.11,1.18,5.54,6.22,12.34
"2017-05-23 18:44:47",14,1,1,15.02,8.385,60.54,15.019,15.019,84.31,9.89,7.18,0.39,-0.27,0.08,0.77,3.76,6.22,12.68
"2017-05-23 18:46:03",15,1,1,16.02,8.268,60.59,16.024,16.023,83.93,9.87,7.14,0.39,-0.26,0.09,0.76,3.71,6.23,11.98
"2017-05-23 18:47:21",16,1,1,17.09,8.093,60.71,17.087,17.088,83.31,9.84,7.1,0.41,-0.24,0.11,0.73,3.61,6.22,12.63
"2017-05-23 18:48:39",17,1,1,18.08,7.538,61.02,18.075,18.068,81.25,9.73,7.05,0.39,-0.28,0.07,0.51,2.65,6.22,11.93
"2017-05-23 18:49:57",18,1,1,19.06,7.262,61.23,19.063,19.064,79.31,9.56,6.99,0.45,-0.29,0.06,0.36,1.99,6.22,12.07
"2017-05-23 18:51:15",19,1,1,20.07,7.043,61.37,20.066,20.067,78.21,9.48,6.95,0.56,-0.31,0.05,0.25,1.53,6.23,12.12
"2017-05-23 18:52:40",20,1,1,21.06,7.006,61.39,21.061,21.061,77.61,9.42,6.91,0.52,-0.28,0.07,0.29,1.72,6.23,12.6
"2017-05-23 18:54:08",21,1,1,22.06,6.965,61.44,22.061,22.061,76.89,9.34,6.88,0.54,-0.32,0.03,0.27,1.59,6.23,12.63
"2017-05-23 18:55:33",22,1,1,23.08,6.918,61.5,23.079,23.078,76.12,9.26,6.86,0.59,-0.28,0.07,0.24,1.47,6.23,12.16
"2017-05-23 18:56:58",23,1,1,24.07,6.885,61.59,24.071,24.072,75.4,9.18,6.84,0.69,-0.3,0.05,0.22,1.38,6.23,12.12
"2017-05-23 18:58:18",24,1,1,24.64,6.863,61.66,24.642,24.641,74.75,9.1,6.82,0.79,-0.3,0.05,0.24,1.5,6.23,12.7
"2017-05-24 00:01:27",25,2,1,0.945,13.256,58.52,0.945,0.945,102.18,10.7,7.61,0.65,-0.12,0.23,2.32,10.47,6.23,11.38
"2017-05-24 00:02:46",26,2,1,2.07,13.116,58.28,2.07,2.07,101.33,10.65,7.59,0.84,-0.16,0.2,2.22,10.03,6.23,11.04
"2017-05-24 00:04:04",27,2,1,3.1,13.046,58.25,3.1,3.101,101.21,10.65,7.58,0.75,-0.07,0.29,2.46,11.08,6.23,10.97
"2017-05-24 00:05:20",28,2,1,4.029,12.908,58.12,4.029,4.029,101.4,10.71,7.6,0.8,-0.17,0.18,2.55,11.46,6.23,10.95
"2017-05-24 00:06:38",29,2,1,5.1,12.288,58.64,5.1,5.1,99.59,10.66,7.56,0.59,-0.05,0.31,2.75,12.34,6.23,10.93
"2017-05-24 00:07:54",30,2,1,6.026,12.142,58.8,6.026,6.026,98.63,10.59,7.51,0.59,-0.13,0.22,2.57,11.54,6.23,10.97
"2017-05-24 00:09:10",31,2,1,7.011,11.754,59.23,7.011,7.012,97.56,10.57,7.44,0.94,-0.05,0.31,3.8,16.83,6.23,11.05
"2017-05-24 00:10:26",32,2,1,8.01,11.017,59.36,8.011,8.011,95.42,10.52,7.32,0.77,-0.03,0.33,3.13,13.97,6.23,10.89
"2017-05-24 00:11:45",33,2,1,9.08,10.413,59.63,9.075,9.075,93.02,10.4,7.23,0.65,-0.11,0.24,3.17,14.14,6.23,11.08
"2017-05-24 00:13:03",34,2,1,10.08,9.992,59.6,10.081,10.081,90.36,10.2,7.13,0.73,-0.15,0.21,2,9.08,6.23,10.94
"2017-05-24 00:14:21",35,2,1,11.08,9.6,59.74,11.083,11.083,89.12,10.15,7.07,0.48,-0.17,0.19,0.95,4.55,6.22,11.38
"2017-05-24 00:15:39",36,2,1,12.07,9.401,59.83,12.07,12.07,88.66,10.15,7.03,0.46,-0.24,0.11,1.5,6.94,6.23,10.9
"2017-05-24 00:16:57",37,2,1,13.07,8.814,60.17,13.07,13.071,85.67,9.95,6.97,0.45,-0.21,0.14,0.97,4.61,6.23,11.4
"2017-05-24 00:18:15",38,2,1,14.05,8.645,60.27,14.053,14.054,85.09,9.92,6.93,0.41,-0.21,0.14,2.98,13.3,6.23,10.79
"2017-05-24 00:19:34",39,2,1,15.07,8.165,60.75,15.071,15.07,83.72,9.87,6.89,0.45,-0.24,0.11,0.89,4.28,6.23,11.37
"2017-05-24 00:20:52",40,2,1,16.05,8.098,60.73,16.054,16.054,83.25,9.84,6.87,0.5,-0.26,0.09,0.68,3.38,6.23,11
"2017-05-24 00:22:11",41,2,1,17.03,7.715,61.02,17.028,17.028,81.82,9.76,6.84,0.43,-0.28,0.07,0.51,2.65,6.23,11.1
"2017-05-24 00:23:30",42,2,1,18.04,7.461,61.18,18.042,18.042,81.16,9.74,6.82,0.43,-0.24,0.11,0.45,2.37,6.23,11.04
"2017-05-24 00:24:49",43,2,1,19.03,7.357,61.13,19.026,19.026,80.04,9.63,6.79,0.38,-0.27,0.08,0.41,2.21,6.23,10.93
"2017-05-24 00:26:08",44,2,1,20.02,7.192,61.26,20.019,20.019,79.04,9.55,6.77,0.42,-0.29,0.06,0.31,1.8,6.23,10.95
"2017-05-24 00:27:34",45,2,1,21.02,7.022,61.41,21.017,21.017,77.35,9.38,6.75,0.6,-0.27,0.08,0.28,1.65,6.23,11.26
"2017-05-24 00:29:00",46,2,1,22.02,6.964,61.41,22.016,22.016,77.07,9.36,6.74,0.57,-0.28,0.07,0.27,1.6,6.23,11.05
"2017-05-24 00:30:26",47,2,1,23.02,6.92,61.45,23.022,23.023,76.71,9.33,6.73,0.55,-0.28,0.07,0.2,1.33,6.23,10.97
"2017-05-24 00:31:52",48,2,1,24.02,6.88,61.53,24.019,24.019,75.68,9.21,6.72,0.71,-0.3,0.05,0.34,1.93,6.23,11.42
"2017-05-24 00:33:17",49,2,1,24.92,6.812,61.65,24.921,24.92,74.68,9.11,6.71,0.75,-0.3,0.06,0.21,1.36,6.23,11.41
"2017-05-24 06:01:27",50,3,1,0.95,13.245,57.85,0.95,0.95,101.6,10.65,7.58,0.69,-0.18,0.18,1.84,8.37,6.23,11.5
"2017-05-24 06:02:46",51,3,1,2.068,13.243,57.84,2.068,2.069,101.6,10.65,7.58,0.58,-0.19,0.17,2.57,11.52,6.23,11.49
"2017-05-24 06:04:04",52,3,1,3.08,13.213,57.86,3.08,3.08,101.35,10.63,7.57,0.64,-0.19,0.17,2.68,12.02,6.23,11.5
"2017-05-24 06:05:20",53,3,1,4.001,12.658,58.76,4.001,4.001,100.05,10.62,7.53,0.63,-0.16,0.2,2.29,10.33,6.23,10.84
"2017-05-24 06:06:39",54,3,1,5.078,12.402,58.52,5.078,5.078,99.49,10.62,7.51,1.11,-0.1,0.26,4.55,20.07,6.23,11.48
"2017-05-24 06:07:55",55,3,1,6.001,12.301,58.64,6.001,6.002,99.44,10.64,7.5,0.77,-0.12,0.24,2.79,12.51,6.23,11.43
"2017-05-24 06:09:11",56,3,1,6.989,11.652,58.87,6.989,6.989,94.31,10.24,7.34,1.27,-0.06,0.3,3.36,14.97,6.23,11.46
"2017-05-24 06:10:30",57,3,1,8.07,10.834,59.14,8.066,8.065,92.97,10.29,7.22,0.73,-0.11,0.24,3.48,15.46,6.23,11.51
"2017-05-24 06:11:48",58,3,1,9.06,10.62,59.29,9.064,9.065,93.14,10.36,7.18,0.77,-0.11,0.25,2.85,12.77,6.23,11.52
"2017-05-24 06:13:06",59,3,1,10.06,10.049,59.66,10.058,10.058,90.79,10.24,7.12,0.6,-0.19,0.16,1.77,8.1,6.23,11.55
"2017-05-24 06:14:25",60,3,1,11.06,9.864,59.46,11.056,11.056,89.89,10.18,7.08,0.61,-0.16,0.19,1.72,7.87,6.23,12.31
"2017-05-24 06:15:43",61,3,1,12.06,9.654,59.57,12.056,12.055,88.51,10.07,7.04,0.54,-0.2,0.15,1.99,9.04,6.23,11.54
"2017-05-24 06:17:02",62,3,1,13.06,9.201,59.84,13.058,13.058,87.38,10.05,7,0.56,-0.23,0.13,1.14,5.38,6.23,12.15
"2017-05-24 06:18:21",63,3,1,14.05,8.388,60.54,14.05,14.051,84.38,9.9,6.93,0.37,-0.25,0.1,0.66,3.3,6.23,12.12
"2017-05-24 06:19:40",64,3,1,15.05,8.276,60.56,15.054,15.054,84.16,9.9,6.9,0.41,-0.26,0.09,0.78,3.81,6.23,12.13
"2017-05-24 06:20:59",65,3,1,16.07,8.081,60.7,16.069,16.068,83.23,9.84,6.87,0.39,-0.25,0.1,0.66,3.31,6.23,12.28
"2017-05-24 06:22:18",66,3,1,17.03,7.658,60.95,17.029,17.029,81.61,9.74,6.84,0.36,-0.24,0.11,1.14,5.36,6.23,12.26
"2017-05-24 06:23:37",67,3,1,18.04,7.288,61.22,18.044,18.043,79.96,9.64,6.81,0.38,-0.27,0.09,0.5,2.59,6.23,12.2
"2017-05-24 06:24:56",68,3,1,19.04,7.206,61.28,19.042,19.043,79.23,9.57,6.79,0.53,-0.26,0.09,0.33,1.87,6.23,12.23
"2017-05-24 06:26:15",69,3,1,20.03,7.148,61.31,20.03,20.03,78.72,9.52,6.77,0.53,-0.27,0.08,0.34,1.91,6.23,11.84
"2017-05-24 06:27:41",70,3,1,21.03,7.06,61.41,21.03,21.03,77.68,9.41,6.76,0.53,-0.26,0.09,0.31,1.77,6.23,11.76
"2017-05-24 06:29:07",71,3,1,22.03,6.949,61.44,22.031,22.031,77.1,9.37,6.75,0.66,-0.29,0.06,0.25,1.55,6.23,11.8
"2017-05-24 06:30:33",72,3,1,23.03,6.904,61.53,23.032,23.032,76.14,9.26,6.74,0.65,-0.27,0.08,0.2,1.3,6.23,11.79
"2017-05-24 06:31:59",73,3,1,24.04,6.87,61.63,24.037,24.037,74.95,9.13,6.72,0.67,-0.29,0.06,0.23,1.43,6.23,12.28
"2017-05-24 06:33:24",74,3,1,24.85,6.842,61.68,24.847,24.846,74.03,9.02,6.71,0.85,-0.27,0.08,0.19,1.27,6.23,12.42
"2017-05-24 12:01:27",75,4,1,0.955,13.71,57.82,0.955,0.956,104.03,10.79,7.71,0.75,-0.26,0.09,0.87,4.21,6.23,12.6
"2017-05-24 12:02:43",76,4,1,2.044,13.295,58.11,2.044,2.043,103.44,10.83,7.7,0.7,-0.19,0.16,1.66,7.59,6.23,11.94
"2017-05-24 12:03:59",77,4,1,3.088,13.059,58.11,3.088,3.088,102.43,10.78,7.67,0.72,-0.18,0.17,1.94,8.82,6.23,11.94
"2017-05-24 12:05:14",78,4,1,4.079,12.874,58.01,4.079,4.078,100.74,10.64,7.61,1.05,-0.14,0.22,3.01,13.43,6.23,12.66
"2017-05-24 12:06:30",79,4,1,5.06,12.505,58.33,5.06,5.06,100.09,10.66,7.55,0.83,-0.15,0.21,2.82,12.61,6.23,11.94
"2017-05-24 12:07:46",80,4,1,6.076,12.048,58.67,6.076,6.076,97.63,10.51,7.41,1.11,-0.13,0.23,2.84,12.69,6.23,12.49
"2017-05-24 12:09:02",81,4,1,7.083,11.174,58.98,7.083,7.084,94.36,10.36,7.28,0.69,-0.16,0.2,2.47,11.11,6.23,12.47
"2017-05-24 12:10:17",82,4,1,8.07,10.948,59.09,8.066,8.066,93.37,10.31,7.21,0.71,-0.14,0.22,2.81,12.58,6.23,12.09
"2017-05-24 12:11:33",83,4,1,9.06,10.584,59.28,9.062,9.062,93.31,10.39,7.17,0.74,-0.14,0.21,2.21,9.98,6.23,12.01
"2017-05-24 12:12:49",84,4,1,10.07,10.249,59.34,10.071,10.072,91.33,10.25,7.12,0.68,-0.17,0.18,2.42,10.9,6.23,12.08
"2017-05-24 12:14:05",85,4,1,11.04,9.975,59.52,11.042,11.041,90.92,10.27,7.09,0.67,-0.14,0.22,1.86,8.47,6.23,11.9
"2017-05-24 12:15:21",86,4,1,12.05,9.636,59.7,12.051,12.05,89.89,10.23,7.06,0.6,-0.19,0.17,2.24,10.1,6.23,11.96
"2017-05-24 12:16:37",87,4,1,13.05,9.223,59.99,13.052,13.051,88.08,10.13,7.02,0.52,-0.22,0.14,1.24,5.81,6.23,11.99
"2017-05-24 12:17:53",88,4,1,14.07,8.321,60.77,14.07,14.069,84.64,9.94,6.95,0.35,-0.26,0.1,0.77,3.75,6.23,11.94
"2017-05-24 12:19:09",89,4,1,15.06,8.163,60.73,15.062,15.061,84.08,9.92,6.91,0.44,-0.26,0.09,0.69,3.43,6.23,11.97
"2017-05-24 12:20:25",90,4,1,16.07,8.061,60.74,16.071,16.07,83.23,9.84,6.89,0.44,-0.24,0.12,0.63,3.15,6.23,12.71
"2017-05-24 12:21:41",91,4,1,17.07,7.825,60.87,17.066,17.066,82.26,9.78,6.86,0.32,-0.24,0.11,0.58,2.93,6.23,11.99
"2017-05-24 12:22:57",92,4,1,18.05,7.49,61.1,18.052,18.053,80.71,9.68,6.84,0.49,-0.26,0.09,0.63,3.16,6.23,11.93
"2017-05-24 12:24:13",93,4,1,19.06,7.295,61.2,19.056,19.056,79.84,9.62,6.81,0.37,-0.26,0.09,0.33,1.86,6.23,11.98
"2017-05-24 12:25:29",94,4,1,20.05,7.136,61.34,20.054,20.053,78.95,9.55,6.79,0.44,-0.25,0.1,0.31,1.8,6.23,11.96
"2017-05-24 12:26:52",95,4,1,21.04,7.086,61.3,21.044,21.044,78.18,9.47,6.78,0.52,-0.26,0.1,0.26,1.57,6.23,11.96
"2017-05-24 12:28:18",96,4,1,22.03,7.046,61.31,22.031,22.031,78,9.46,6.77,0.48,-0.29,0.06,0.31,1.8,6.23,11.96
"2017-05-24 12:29:41",97,4,1,23.05,6.892,61.54,23.051,23.051,76.48,9.31,6.75,0.57,-0.29,0.06,0.25,1.51,6.23,11.9
"2017-05-24 12:31:04",98,4,1,24.06,6.879,61.56,24.056,24.055,75,9.13,6.74,0.8,-0.28,0.08,0.29,1.69,6.23,11.97
"2017-05-24 12:32:26",99,4,1,24.96,6.805,61.72,24.957,24.955,74.07,9.03,6.72,0.77,-0.27,0.08,0.3,1.76,6.23,11.97
"2017-05-24 15:04:08",100,5,1,1.099,13.754,56.34,1.099,1.1,104.03,10.78,7.72,0.56,-0.24,0.13,1.28,5.89,6.17,12.51
"2017-05-24 15:05:23",101,5,1,2.112,13.332,56.21,2.112,2.113,102.77,10.75,7.69,0.69,-0.18,0.18,1.8,8.14,6.18,12.54
"2017-05-24 15:06:38",102,5,1,3.092,13.041,56.26,3.092,3.092,102,10.74,7.63,0.68,-0.15,0.21,1.86,8.39,6.18,12.23
"2017-05-24 15:07:54",103,5,1,4.083,12.605,56.43,4.083,4.082,99.65,10.59,7.57,0.72,-0.07,0.3,3.02,13.34,6.18,12.24
"2017-05-24 15:09:09",104,5,1,5.054,12.341,56.79,5.054,5.053,98.74,10.56,7.5,0.9,-0.12,0.25,2.27,10.14,6.18,12.17
"2017-05-24 15:10:25",105,5,1,6.036,12.052,57,6.036,6.035,96.86,10.43,7.41,0.88,-0.1,0.26,3.31,14.57,6.18,12.73
"2017-05-24 15:11:41",106,5,1,7.075,11.576,57.29,7.075,7.096,94.3,10.26,7.31,0.78,-0.11,0.26,2.62,11.63,6.18,12.13
"2017-05-24 15:12:57",107,5,1,8.08,11.239,57.47,8.08,8.08,93.01,10.2,7.2,0.6,-0.14,0.22,2.53,11.27,6.19,12.65
"2017-05-24 15:14:13",108,5,1,9.09,10.565,57.75,9.085,9.088,91.84,10.23,7.1,0.76,-0.13,0.23,2.24,10.01,6.19,12.62
"2017-05-24 15:15:29",109,5,1,10.05,10.195,57.93,10.053,10.052,89.96,10.11,7.02,0.75,-0.11,0.26,1.91,8.61,6.19,12.53
"2017-05-24 15:16:45",110,5,1,11.02,9.853,58.06,11.024,11.026,89.01,10.08,6.95,0.61,-0.18,0.19,1.63,7.42,6.19,12.43
"2017-05-24 15:18:01",111,5,1,12.08,9.658,58.21,12.079,12.077,87.86,10,6.88,0.66,-0.19,0.18,1.48,6.74,6.19,12.45
"2017-05-24 15:19:17",112,5,1,13.06,9.081,58.68,13.061,13.061,85.43,9.86,6.81,0.48,-0.23,0.14,1.27,5.84,6.19,12.45
"2017-05-24 15:20:33",113,5,1,14.05,8.363,59.21,14.05,14.05,83.11,9.76,6.73,0.48,-0.26,0.11,0.67,3.29,6.19,12.62
"2017-05-24 15:21:51",114,5,1,15.11,8.158,59.38,15.11,15.109,82.38,9.72,6.66,0.43,-0.26,0.11,0.62,3.06,6.19,12.49
"2017-05-24 15:23:07",115,5,1,16,8.042,59.4,15.995,15.996,82.07,9.71,6.62,0.5,-0.25,0.12,0.71,3.45,6.19,12.63
"2017-05-24 15:24:26",116,5,1,17.08,7.813,59.61,17.083,17.081,81.09,9.65,6.59,0.44,-0.26,0.11,0.58,2.91,6.19,12.68
"2017-05-24 15:25:44",117,5,1,18.06,7.563,59.83,18.06,18.061,80.02,9.58,6.56,0.51,-0.29,0.07,0.38,2.07,6.19,12.21
"2017-05-24 15:27:03",118,5,1,19.08,7.266,59.96,19.076,19.07,78.25,9.44,6.51,0.56,-0.29,0.08,0.33,1.83,6.19,12.2
"2017-05-24 15:28:22",119,5,1,20.07,7.144,60.02,20.065,20.064,77.66,9.39,6.48,0.58,-0.28,0.08,0.35,1.91,6.2,12.12
"2017-05-24 15:29:47",120,5,1,21.05,7.073,60.06,21.053,21.053,76.57,9.28,6.46,0.61,-0.28,0.09,0.22,1.37,6.2,12.27
"2017-05-24 15:31:19",121,5,1,22.05,6.978,60.16,22.05,22.058,75.77,9.2,6.44,0.69,-0.3,0.07,0.18,1.2,6.2,12.71
"2017-05-24 15:32:45",122,5,1,23.06,6.908,60.25,23.06,23.058,74.74,9.09,6.43,0.82,-0.31,0.06,0.17,1.16,6.2,12.71
"2017-05-24 15:34:13",123,5,1,24.06,6.868,60.36,24.056,24.057,73.4,8.94,6.42,0.86,-0.33,0.04,0.11,0.9,6.2,12.35
"2017-05-24 15:35:34",124,5,1,24.71,6.824,60.45,24.709,24.707,72.64,8.86,6.41,0.97,-0.29,0.08,0.15,1.09,6.2,12.68
"2017-05-24 18:01:27",125,6,1,0.914,14.721,57.05,0.914,0.913,106.04,10.76,7.72,0.69,-0.24,0.13,1.39,6.38,6.21,12.34
"2017-05-24 18:02:44",126,6,1,2.064,14.457,56.95,2.064,2.063,105.6,10.77,7.72,0.63,-0.19,0.18,1.91,8.62,6.22,12.72
"2017-05-24 18:04:00",127,6,1,3.063,12.939,57.16,3.063,3.063,102.19,10.78,7.69,0.93,-0.14,0.22,2.18,9.75,6.22,12.43
"2017-05-24 18:05:16",128,6,1,4.086,12.667,56.9,4.086,4.085,99.96,10.61,7.64,0.93,-0.05,0.31,3.73,16.38,6.21,12.42
"2017-05-24 18:06:31",129,6,1,5.089,12.306,57.42,5.089,5.087,98.91,10.58,7.56,0.66,-0.12,0.24,5.22,22.77,6.22,12.36
"2017-05-24 18:07:46",130,6,1,6.071,12.215,57.38,6.071,6.07,98.33,10.55,7.49,0.85,-0.04,0.32,2.56,11.36,6.22,12.41
"2017-05-24 18:09:02",131,6,1,7.073,11.71,57.79,7.073,7.072,96.3,10.45,7.42,0.97,-0.03,0.33,3.57,15.7,6.22,12.41
"2017-05-24 18:10:18",132,6,1,8.08,10.97,57.96,8.08,8.08,91.73,10.12,7.3,0.68,-0.15,0.22,2.02,9.09,6.22,12.41
"2017-05-24 18:11:34",133,6,1,9.04,10.57,57.98,9.043,9.044,90.31,10.06,7.16,0.72,-0.14,0.22,2.26,10.08,6.22,12.49
"2017-05-24 18:12:50",134,6,1,10.06,10.098,58.19,10.059,10.058,89.88,10.12,7.07,0.67,-0.1,0.27,1.92,8.65,6.21,12.42
"2017-05-24 18:14:06",135,6,1,11.07,9.832,58.25,11.074,11.075,88.86,10.07,6.98,0.65,-0.15,0.21,1.7,7.7,6.22,12.46
"2017-05-24 18:15:22",136,6,1,12.06,9.481,58.47,12.059,12.059,87.35,9.98,6.91,0.61,-0.24,0.13,0.85,4.08,6.22,12.45
"2017-05-24 18:16:38",137,6,1,13.04,8.743,59,13.041,13.041,84.7,9.85,6.83,0.63,-0.22,0.14,0.99,4.66,6.22,12.45
"2017-05-24 18:17:54",138,6,1,14.04,8.388,59.26,14.04,14.036,83.76,9.83,6.76,0.54,-0.26,0.11,0.77,3.71,6.22,12.45
"2017-05-24 18:19:10",139,6,1,15.06,8.236,59.38,15.063,15.063,83.04,9.78,6.72,0.57,-0.26,0.11,0.68,3.35,6.22,12.4
"2017-05-24 18:20:26",140,6,1,16.07,7.945,59.56,16.068,16.066,82.18,9.74,6.68,0.51,-0.23,0.14,0.67,3.28,6.22,12.44
"2017-05-24 18:21:42",141,6,1,17.03,7.727,59.74,17.032,17.031,80.96,9.65,6.66,0.47,-0.26,0.11,0.57,2.88,6.21,12.8
"2017-05-24 18:22:58",142,6,1,18,7.534,59.84,18.002,18.003,80.06,9.59,6.63,0.59,-0.26,0.11,0.42,2.22,6.22,12.81
"2017-05-24 18:24:17",143,6,1,19.09,7.309,59.95,19.087,19.087,78.66,9.48,6.6,0.55,-0.26,0.11,0.38,2.07,6.22,12.44
"2017-05-24 18:25:35",144,6,1,20.11,7.249,60.01,20.107,20.106,78.32,9.45,6.58,0.65,-0.26,0.11,0.31,1.76,6.22,12.32
"2017-05-24 18:26:58",145,6,1,21.01,7.132,60.05,21.013,21.012,77.46,9.37,6.57,0.66,-0.29,0.08,0.35,1.92,6.22,12.34
"2017-05-24 18:28:24",146,6,1,22.08,7.026,60.14,22.077,22.077,76.27,9.25,6.55,0.73,-0.28,0.09,0.21,1.34,6.22,12.27
"2017-05-24 18:29:52",147,6,1,23.06,6.921,60.29,23.063,23.063,75,9.12,6.53,0.81,-0.29,0.08,0.16,1.1,6.22,12.45
"2017-05-24 18:31:38",148,6,1,25.07,6.818,60.43,25.069,25.043,73.08,8.91,6.5,0.93,-0.29,0.08,0.22,1.36,6.22,12.19
"2017-05-25 00:01:27",149,7,1,0.971,14.964,57,0.971,0.97,105.73,10.67,7.67,0.68,-0.2,0.17,1.48,6.75,6.23,11.51
"2017-05-25 00:02:46",150,7,1,2.076,14.007,57.07,2.076,2.076,104.44,10.76,7.67,0.73,-0.19,0.17,1.99,8.92,6.23,11.2
"2017-05-25 00:04:02",151,7,1,3.016,13.957,56.99,3.016,3.016,104.38,10.77,7.68,0.71,-0.19,0.18,1.82,8.23,6.23,11.13
"2017-05-25 00:05:20",152,7,1,4.079,12.773,57.62,4.079,4.079,101.65,10.76,7.66,0.65,-0.09,0.28,3.02,13.37,6.23,11.48
"2017-05-25 00:06:36",153,7,1,5.015,12.432,57.42,5.015,5.014,97.89,10.45,7.57,0.85,-0.02,0.34,3.05,13.46,6.23,11.06
"2017-05-25 00:07:55",154,7,1,6.088,11.787,57.7,6.088,6.088,96.63,10.46,7.46,0.95,-0.05,0.32,4.4,19.25,6.23,11.46
"2017-05-25 00:09:11",155,7,1,7.009,11.328,59.11,7.009,7.008,95.1,10.41,7.37,0.87,0.04,0.41,2.39,10.64,6.23,11.08
"2017-05-25 00:10:29",156,7,1,8.08,11.106,58.13,8.082,8.082,93.89,10.33,7.27,1.05,-0.08,0.29,4.45,19.47,6.23,11.57
"2017-05-25 00:11:47",157,7,1,9.07,10.765,57.9,9.072,9.071,92.07,10.21,7.17,0.68,-0.08,0.29,2.24,10.03,6.23,11.06
"2017-05-25 09:50:20",158,1,1,0.956,13.842,57.04,0.956,0.953,102.45,10.59,7.56,0.83,-0.19,0.18,2.02,9.09,6.24,12.55
"2017-05-25 09:51:37",159,1,1,2.063,13.816,57.06,2.063,2.054,102.36,10.59,7.56,0.82,-0.18,0.18,1.67,7.57,6.23,12.42
"2017-05-25 09:52:53",160,1,1,3.054,13.767,57.09,3.054,3.053,102.18,10.58,7.56,0.78,-0.2,0.17,1.78,8.05,6.24,12.41
"2017-05-25 09:54:09",161,1,1,4.062,13.296,57.23,4.062,4.072,101.16,10.59,7.54,0.84,-0.18,0.19,2.05,9.19,6.24,12.42
"2017-05-25 09:55:25",162,1,1,5.04,12.949,57.29,5.04,5.042,100.05,10.55,7.49,0.82,-0.15,0.21,2.23,9.98,6.23,12.48
"2017-05-25 09:56:41",163,1,1,6.045,12.726,57.4,6.045,6.043,99.27,10.52,7.44,0.83,-0.17,0.2,2.34,10.44,6.23,12.48
"2017-05-25 09:57:57",164,1,1,7.063,12.709,57.37,7.063,7.072,99.15,10.52,7.4,0.79,-0.14,0.23,2.71,12.04,6.23,12.34
"2017-05-25 09:59:13",165,1,1,8.05,12.392,57.44,8.052,8.046,97.73,10.44,7.33,0.82,-0.12,0.24,2.79,12.38,6.23,12.34
"2017-05-25 10:00:31",166,1,1,9.12,11.384,57.89,9.123,9.122,94.34,10.31,7.24,0.79,-0.13,0.24,2.39,10.66,6.23,12.27
"2017-05-25 10:01:47",167,1,1,10.05,10.77,57.98,10.051,10.056,92.27,10.23,7.13,0.78,-0.13,0.24,1.96,8.83,6.23,12.23
"2017-05-25 10:03:03",168,1,1,11.03,10.116,58.13,11.03,11.036,89.94,10.12,7.02,0.68,-0.18,0.18,1.57,7.13,6.24,12.39
"2017-05-25 10:04:19",169,1,1,12.04,9.741,58.21,12.036,12.039,87.74,9.96,6.94,0.63,-0.21,0.15,1.72,7.77,6.24,12.73
"2017-05-25 10:05:35",170,1,1,13.04,9.215,58.64,13.04,13.036,85.76,9.86,6.87,0.61,-0.24,0.13,0.97,4.59,6.23,12.68
"2017-05-25 10:06:51",171,1,1,14.04,8.466,59.2,14.044,14.052,84.06,9.84,6.81,0.54,-0.26,0.11,0.79,3.79,6.24,12.76
"2017-05-25 10:08:07",172,1,1,15.02,8.279,59.33,15.023,15.02,83.31,9.8,6.78,0.55,-0.27,0.1,0.67,3.28,6.24,12.81
"2017-05-25 10:09:23",173,1,1,16.01,7.884,59.6,16.011,16.03,81.83,9.72,6.74,0.55,-0.26,0.1,0.53,2.72,6.24,12.34
"2017-05-25 10:10:41",174,1,1,17.09,7.741,59.67,17.095,17.096,81.01,9.65,6.72,0.54,-0.26,0.11,0.48,2.46,6.23,12.53
"2017-05-25 10:11:59",175,1,1,18.12,7.523,59.8,18.119,18.099,80.48,9.64,6.7,0.54,-0.26,0.11,0.41,2.17,6.24,12.39
"2017-05-25 10:13:17",176,1,1,19.09,7.335,59.9,19.092,19.087,78.95,9.5,6.67,0.55,-0.26,0.11,0.32,1.8,6.23,12.75
"2017-05-25 10:14:33",177,1,1,20.02,7.218,59.98,20.02,20.019,78.35,9.46,6.66,0.59,-0.28,0.08,0.31,1.75,6.23,12.41
"2017-05-25 10:15:56",178,1,1,21.03,7.121,60.04,21.029,21.027,77.7,9.4,6.64,0.61,-0.28,0.09,0.26,1.54,6.24,12.43
"2017-05-25 10:17:19",179,1,1,22,7.028,60.13,22.004,22.01,76.59,9.29,6.63,0.69,-0.27,0.1,0.2,1.29,6.24,12.41
"2017-05-25 10:18:42",180,1,1,22.99,6.975,60.17,22.993,22.99,76.09,9.24,6.61,0.73,-0.27,0.1,0.2,1.29,6.24,12.41
"2017-05-25 10:20:08",181,1,1,24.04,6.896,60.28,24.04,24.055,74.9,9.11,6.6,0.82,-0.28,0.09,0.16,1.13,6.24,12.43
"2017-05-25 10:21:30",182,1,1,24.89,6.824,60.44,24.89,24.896,73.14,8.92,6.59,0.92,-0.3,0.07,0.11,0.92,6.24,12.42
"2017-05-25 11:18:56",183,2,1,0.966,13.257,57.17,0.966,0.972,100.98,10.58,7.47,0.8,-0.19,0.18,1.83,8.24,6.23,12.22
"2017-05-25 11:20:12",184,2,1,2.04,13.239,57.18,2.04,2.046,100.82,10.57,7.46,0.79,-0.18,0.19,1.89,8.49,6.24,12.19
"2017-05-25 11:21:28",185,2,1,3.061,13.199,57.18,3.061,3.059,100.67,10.56,7.46,0.88,-0.18,0.19,1.92,8.65,6.23,12.15
"2017-05-25 11:22:44",186,2,1,4.071,13.226,57.19,4.071,4.075,100.57,10.54,7.46,0.83,-0.17,0.2,2.37,10.55,6.24,12.16
"2017-05-25 11:24:00",187,2,1,5.068,13.146,57.2,5.068,5.066,100.3,10.53,7.45,0.81,-0.16,0.2,2.35,10.49,6.23,12.17
"2017-05-25 11:25:16",188,2,1,6.085,13.009,57.23,6.085,6.086,99.88,10.52,7.44,0.82,-0.15,0.22,4.36,19.09,6.23,12.15
"2017-05-25 11:26:31",189,2,1,7.069,12.93,57.21,7.069,7.072,99.41,10.49,7.42,0.78,-0.15,0.21,2.16,9.65,6.24,12.15
"2017-05-25 11:27:47",190,2,1,8.07,12.829,57.2,8.072,8.074,98.74,10.44,7.39,0.84,-0.15,0.22,2.42,10.79,6.24,12.12
"2017-05-25 11:29:03",191,2,1,9.04,12.122,57.35,9.044,9.046,95.74,10.29,7.3,0.87,-0.11,0.25,2.45,10.9,6.24,12.13
"2017-05-25 11:30:19",192,2,1,10.04,11.142,58.19,10.04,10.041,93.57,10.28,7.18,0.86,-0.11,0.26,2.16,9.69,6.23,12.12
"2017-05-25 11:31:35",193,2,1,11.02,10.208,58.11,11.021,11.019,90.12,10.12,7.06,0.62,-0.19,0.18,1.66,7.54,6.23,12.12
"2017-05-25 11:32:51",194,2,1,12.04,8.895,58.85,12.035,12.033,85.42,9.9,6.92,0.59,-0.24,0.13,1.02,4.8,6.24,12.05
"2017-05-25 11:34:07",195,2,1,13.05,7.932,59.56,13.05,13.051,81.9,9.71,6.81,0.56,-0.25,0.12,0.56,2.83,6.24,12.12
"2017-05-25 11:35:23",196,2,1,14.05,7.766,59.66,14.047,14.044,81.28,9.68,6.75,0.55,-0.27,0.1,0.52,2.64,6.24,12.12
"2017-05-25 11:36:39",197,2,1,15.05,7.656,59.73,15.053,15.05,80.94,9.67,6.72,0.53,-0.27,0.1,0.48,2.49,6.24,12.12
"2017-05-25 11:37:55",198,2,1,16.06,7.499,59.83,16.06,16.057,80.38,9.64,6.7,0.52,-0.26,0.11,0.38,2.08,6.24,12.12
"2017-05-25 11:39:11",199,2,1,17.01,7.347,59.91,17.008,17.007,79.35,9.55,6.68,0.53,-0.29,0.07,0.33,1.86,6.24,12.12
"2017-05-25 11:40:30",200,2,1,18.12,7.191,60,18.115,18.109,78.7,9.51,6.66,0.61,-0.26,0.11,0.32,1.81,6.23,12.12
"2017-05-25 11:41:46",201,2,1,19.02,7.083,60.07,19.018,19.02,77.64,9.4,6.65,0.6,-0.29,0.08,0.21,1.34,6.24,12.12
"2017-05-25 11:43:02",202,2,1,20.02,7.048,60.1,20.017,20.016,77.33,9.38,6.63,0.6,-0.27,0.1,0.21,1.31,6.24,12.01
"2017-05-25 11:44:27",203,2,1,21.09,6.991,60.13,21.085,21.086,76.88,9.33,6.62,0.68,-0.28,0.09,0.23,1.4,6.24,12.12
"2017-05-25 11:45:50",204,2,1,22.02,6.937,60.24,22.024,22.028,75.49,9.18,6.61,0.8,-0.27,0.09,0.15,1.08,6.24,12.12
"2017-05-25 11:47:13",205,2,1,22.99,6.922,60.25,22.994,22.998,75.12,9.14,6.6,0.78,-0.27,0.1,0.14,1.02,6.24,12.07
"2017-05-25 11:48:39",206,2,1,24.07,6.897,60.26,24.066,24.065,75.18,9.15,6.6,0.78,-0.29,0.07,0.2,1.3,6.24,12
"2017-05-25 11:50:01",207,2,1,24.8,6.873,60.3,24.798,24.796,74.61,9.08,6.6,0.8,-0.3,0.07,0.17,1.14,6.24,12.12
"2017-05-25 12:01:27",208,3,1,0.937,13.15,57.23,0.937,0.939,100.59,10.56,7.43,0.73,-0.14,0.23,2.14,9.6,6.23,11.92
"2017-05-25 12:02:44",209,3,1,2.059,13.158,57.2,2.059,2.058,100.52,10.55,7.44,0.77,-0.14,0.23,2.08,9.31,6.24,11.92
"2017-05-25 12:04:00",210,3,1,3.055,13.152,57.2,3.055,3.055,100.36,10.54,7.44,0.9,-0.15,0.22,2.26,10.09,6.24,11.87
"2017-05-25 12:05:16",211,3,1,4.071,13.146,57.2,4.071,4.072,100.22,10.53,7.44,0.81,-0.13,0.24,2.54,11.29,6.23,11.93
"2017-05-25 12:06:32",212,3,1,5.062,13.151,57.19,5.062,5.062,100.17,10.52,7.44,0.78,-0.15,0.22,2.39,10.67,6.24,11.94
"2017-05-25 12:07:48",213,3,1,6.083,13.139,57.2,6.083,6.083,99.95,10.5,7.44,0.84,-0.16,0.2,2.22,9.92,6.23,11.95
"2017-05-25 12:09:04",214,3,1,7.085,13.099,57.18,7.085,7.084,99.69,10.48,7.43,0.79,-0.14,0.23,2.86,12.68,6.24,11.95
"2017-05-25 12:10:20",215,3,1,8.05,12.933,57.13,8.051,8.049,98.77,10.42,7.4,0.95,-0.14,0.23,2.03,9.11,6.24,11.97
"2017-05-25 12:11:36",216,3,1,9.04,12.146,57.37,9.043,9.043,95.81,10.29,7.33,0.79,-0.12,0.24,2.13,9.55,6.24,11.93
"2017-05-25 12:12:52",217,3,1,10.04,10.166,58.24,10.036,10.037,89.35,10.04,7.16,0.66,-0.19,0.18,1.24,5.74,6.24,12
"2017-05-25 12:14:08",218,3,1,11.03,9.299,58.68,11.034,11.035,86.61,9.94,7.01,0.58,-0.2,0.17,1.21,5.6,6.24,11.98
"2017-05-25 12:15:24",219,3,1,12.05,8.402,59.35,12.052,12.053,83.34,9.77,6.89,0.55,-0.25,0.12,0.77,3.73,6.24,12.08
"2017-05-25 12:16:40",220,3,1,13.05,8.265,59.35,13.047,13.044,82.96,9.76,6.82,0.63,-0.23,0.14,0.73,3.54,6.24,12.12
"2017-05-25 12:17:56",221,3,1,14.06,7.965,59.64,14.061,14.061,82.19,9.74,6.78,0.6,-0.27,0.1,0.55,2.79,6.24,12.12
"2017-05-25 12:19:12",222,3,1,15.03,7.735,59.7,15.034,15.03,81.42,9.7,6.75,0.5,-0.28,0.09,0.5,2.58,6.23,12.12
"2017-05-25 12:20:28",223,3,1,16.04,7.745,59.68,16.039,16.038,81.43,9.7,6.73,0.55,-0.25,0.12,0.55,2.78,6.24,12.12
"2017-05-25 12:21:44",224,3,1,17.03,7.737,59.68,17.034,17.031,81.18,9.68,6.72,0.54,-0.28,0.09,0.48,2.48,6.24,12.14
"2017-05-25 12:23:00",225,3,1,18.01,7.635,59.74,18.014,18.015,80.57,9.63,6.71,0.6,-0.23,0.14,0.55,2.78,6.24,12.17
"2017-05-25 12:24:16",226,3,1,19.02,7.458,59.88,19.021,19.019,79.93,9.59,6.7,0.55,-0.27,0.1,0.33,1.85,6.24,12.17
"2017-05-25 12:25:32",227,3,1,20.03,7.214,60.1,20.032,20.032,78.01,9.42,6.68,0.6,-0.27,0.1,0.27,1.6,6.24,12.18
"2017-05-25 12:26:55",228,3,1,21.03,7.012,60.17,21.03,21.03,76.87,9.33,6.65,0.68,-0.27,0.1,0.18,1.19,6.24,12.25
"2017-05-25 12:28:20",229,3,1,22.1,6.998,60.18,22.096,22.099,76.36,9.27,6.63,0.69,-0.29,0.08,0.18,1.19,6.24,12.26
"2017-05-25 12:29:43",230,3,1,23.02,6.954,60.2,23.023,23.024,76.2,9.26,6.63,0.74,-0.29,0.07,0.15,1.09,6.24,12.3
"2017-05-25 12:31:06",231,3,1,24.03,6.901,60.3,24.031,24.032,74.43,9.06,6.61,0.84,-0.28,0.09,0.13,0.99,6.24,12.24
"2017-05-25 12:32:28",232,3,1,24.82,6.884,60.34,24.82,24.821,74.19,9.03,6.6,0.86,-0.3,0.07,0.17,1.14,6.24,12.32
"2017-05-25 14:35:26",233,4,1,0.91,13.644,57.09,0.91,0.91,101.52,10.54,7.46,0.95,-0.18,0.19,2.25,10.05,6.24,11.87
"2017-05-25 18:01:27",234,5,1,0.923,13.313,57.1,0.923,0.925,100.91,10.56,7.49,0.9,-0.17,0.19,1.63,7.41,6.24,12.17
"2017-05-25 18:02:44",235,5,1,2.054,13.309,57.1,2.054,2.052,100.73,10.54,7.49,0.97,-0.18,0.19,2.35,10.48,6.24,12.17
"2017-05-25 18:04:00",236,5,1,3.058,13.307,57.1,3.058,3.056,100.68,10.54,7.48,0.88,-0.17,0.19,2.5,11.13,6.24,12.13
"2017-05-25 18:05:16",237,5,1,4.068,13.289,57.11,4.068,4.068,100.46,10.52,7.48,0.89,-0.17,0.2,1.85,8.33,6.24,12.15
"2017-05-25 18:06:32",238,5,1,5.061,13.241,57.12,5.061,5.062,100.15,10.5,7.47,0.83,-0.18,0.19,1.91,8.59,6.24,12.14
"2017-05-25 18:07:48",239,5,1,6.084,13.02,57.2,6.084,6.082,99.07,10.43,7.43,0.75,-0.17,0.2,2.1,9.41,6.24,12.12
"2017-05-25 18:09:04",240,5,1,7.083,12.697,57.23,7.083,7.082,97.74,10.37,7.36,0.83,-0.12,0.25,2.21,9.88,6.24,12.12
"2017-05-25 18:10:20",241,5,1,8.04,11.042,58.13,8.044,8.045,92.94,10.24,7.25,0.78,-0.13,0.23,3.3,14.56,6.24,12.14
"2017-05-25 18:11:36",242,5,1,9.02,10.443,58.13,9.022,9.022,90.85,10.15,7.12,0.68,-0.17,0.2,2.14,9.59,6.24,12.13
"2017-05-25 18:12:52",243,5,1,10.03,10.255,58.21,10.033,10.033,90.08,10.11,7.03,0.74,-0.17,0.19,1.09,5.09,6.24,12.12
"2017-05-25 18:14:08",244,5,1,11.03,9.823,58.39,11.034,11.034,88.47,10.03,6.96,0.62,-0.19,0.18,1.39,6.37,6.24,12.12
"2017-05-25 18:15:24",245,5,1,12.06,9.211,58.76,12.055,12.056,86.23,9.92,6.9,0.84,-0.22,0.15,1.02,4.77,6.24,12.12
"2017-05-25 18:16:40",246,5,1,13.04,8.905,58.92,13.041,13.039,84.94,9.84,6.84,0.61,-0.24,0.13,1.02,4.79,6.24,12
"2017-05-25 18:17:56",247,5,1,14.02,8.811,58.99,14.018,14.018,84.71,9.84,6.81,0.58,-0.21,0.16,0.94,4.44,6.24,12.12
"2017-05-25 18:19:12",248,5,1,15.02,8.707,59.05,15.024,15.023,84.49,9.83,6.8,0.49,-0.22,0.15,0.88,4.19,6.24,11.97
"2017-05-25 18:20:28",249,5,1,16.03,8.384,59.31,16.034,16.033,83.07,9.75,6.78,0.56,-0.21,0.15,0.9,4.26,6.24,12.04
"2017-05-25 18:21:46",250,5,1,17.11,8.152,59.45,17.106,17.106,82.57,9.74,6.75,0.54,-0.25,0.12,0.59,2.96,6.24,12.03
"2017-05-25 18:23:04",251,5,1,18.1,7.849,59.68,18.103,18.103,81.51,9.69,6.73,0.53,-0.25,0.12,0.53,2.72,6.24,12.05
"2017-05-25 18:24:22",252,5,1,19.09,7.707,59.69,19.093,19.092,80.79,9.64,6.71,0.58,-0.25,0.12,0.5,2.58,6.24,11.95
"2017-05-25 18:25:40",253,5,1,20.08,7.595,59.78,20.077,20.077,80.42,9.62,6.7,0.53,-0.25,0.12,0.4,2.16,6.24,11.98
"2017-05-25 18:27:05",254,5,1,21.07,7.351,59.95,21.074,21.074,78.43,9.44,6.67,0.53,-0.28,0.08,0.37,2.02,6.24,12
"2017-05-25 18:28:30",255,5,1,22.06,7.178,60.05,22.055,22.057,77.69,9.39,6.64,0.58,-0.28,0.09,0.26,1.55,6.24,12.01
"2017-05-25 18:29:55",256,5,1,23.06,7.099,60.11,23.057,23.057,76.6,9.27,6.63,0.68,-0.27,0.1,0.26,1.52,6.24,11.98
"2017-05-25 18:31:20",257,5,1,24.06,6.945,60.27,24.063,24.063,75.43,9.17,6.61,0.72,-0.26,0.11,0.22,1.38,6.24,11.94
"2017-05-25 18:32:44",258,5,1,24.71,6.936,60.29,24.714,24.711,75.05,9.12,6.6,0.77,-0.27,0.1,0.2,1.3,6.24,11.96
"2017-05-26 00:01:30",259,6,1,0.915,13.391,57.07,0.915,0.915,99.78,10.42,7.43,1,-0.16,0.21,1.88,8.45,6.24,11.54
"2017-05-26 00:02:47",260,6,1,2.03,13.386,57.09,2.03,2.029,99.78,10.42,7.43,0.78,-0.08,0.28,1.8,8.15,6.24,11.54
"2017-05-26 00:04:03",261,6,1,3.031,13.365,57.1,3.031,3.032,99.68,10.42,7.43,0.93,-0.16,0.21,1.53,6.99,6.24,11.53
"2017-05-26 00:05:19",262,6,1,4.026,13.356,57.1,4.026,4.026,99.67,10.42,7.43,0.85,-0.14,0.23,2.15,9.62,6.25,11.48
"2017-05-26 00:06:35",263,6,1,5.026,12.902,57.33,5.026,5.024,97.9,10.34,7.39,0.69,-0.11,0.25,2.4,10.7,6.24,11.54
"2017-05-26 00:07:51",264,6,1,6.037,12.665,57.21,6.037,6.037,96.58,10.25,7.32,0.74,-0.14,0.23,2.26,10.08,6.24,11.53
"2017-05-26 00:09:07",265,6,1,7.05,11.629,57.82,7.05,7.05,93.52,10.16,7.23,0.77,-0.14,0.23,2.26,10.11,6.25,11.52
"2017-05-26 00:10:23",266,6,1,8.02,11.38,57.77,8.024,8.025,93.04,10.17,7.15,0.85,-0.13,0.24,2.7,11.99,6.25,11.53
"2017-05-26 00:11:41",267,6,1,9.09,10.683,58.11,9.087,9.087,91.1,10.12,7.06,0.9,-0.13,0.24,2.02,9.06,6.25,11.53
"2017-05-26 00:12:59",268,6,1,10.1,10.088,58.42,10.096,10.095,89.52,10.08,7,0.67,-0.12,0.25,1.75,7.9,6.24,11.52
"2017-05-26 00:14:17",269,6,1,11.08,9.396,58.87,11.077,11.078,86.7,9.93,6.93,0.93,-0.14,0.23,1.29,5.93,6.24,11.51
"2017-05-26 00:15:33",270,6,1,12.02,9.303,58.72,12.017,12.017,86.01,9.87,6.88,0.53,-0.2,0.17,1.29,5.96,6.25,11.52
"2017-05-26 00:16:52",271,6,1,13.08,9.192,58.79,13.081,13.08,85.65,9.86,6.85,0.73,-0.12,0.24,1.4,6.43,6.25,11.47
"2017-05-26 00:18:08",272,6,1,14,8.765,59.19,14.002,14.002,84.25,9.79,6.82,0.62,-0.19,0.18,1.31,6.03,6.25,11.53
"2017-05-26 00:19:27",273,6,1,15.1,8.308,59.42,15.096,15.096,82.85,9.74,6.78,0.53,-0.23,0.14,0.76,3.67,6.24,11.5
"2017-05-26 00:20:45",274,6,1,16.09,8.127,59.52,16.092,16.091,81.67,9.64,6.75,0.57,-0.22,0.14,0.69,3.4,6.24,11.53
"2017-05-26 00:22:03",275,6,1,17.08,7.896,59.63,17.076,17.076,81.29,9.65,6.73,0.47,-0.19,0.18,0.73,3.54,6.25,11.52
"2017-05-26 00:23:21",276,6,1,18.08,7.733,59.74,18.075,18.075,80.51,9.6,6.71,0.48,-0.25,0.12,0.64,3.15,6.25,11.53
"2017-05-26 00:24:39",277,6,1,19.07,7.652,59.76,19.065,19.064,80.07,9.56,6.69,0.53,-0.27,0.09,0.47,2.45,6.25,11.51
"2017-05-26 00:26:10",278,6,1,20.07,7.568,59.8,20.072,20.073,79.52,9.52,6.68,0.54,-0.24,0.13,0.59,2.94,6.25,11.53
"2017-05-26 00:27:35",279,6,1,21.07,7.47,59.86,21.072,21.073,79.11,9.49,6.67,0.54,-0.23,0.13,0.48,2.48,6.24,11.54
"2017-05-26 00:29:00",280,6,1,22.06,7.069,60.3,22.064,22.063,76.1,9.22,6.65,0.72,-0.29,0.07,0.22,1.37,6.25,11.52
"2017-05-26 00:30:25",281,6,1,23.07,7.026,60.24,23.071,23.07,75.19,9.12,6.62,0.72,-0.29,0.08,0.2,1.31,6.25,11.5
"2017-05-26 00:31:50",282,6,1,24.06,6.984,60.25,24.056,24.057,74.95,9.1,6.61,0.75,-0.29,0.08,0.19,1.23,6.25,11.51
"2017-05-26 00:33:14",283,6,1,24.88,6.942,60.3,24.88,24.879,74.53,9.06,6.6,0.82,-0.27,0.09,0.14,1.01,6.25,11.52
"2017-05-26 06:01:27",284,7,1,0.921,13.364,57,0.921,0.922,99.16,10.36,7.4,0.76,-0.16,0.21,2.11,9.44,6.25,11.51
"2017-05-26 06:02:46",285,7,1,2.094,13.358,57.01,2.094,2.094,99.17,10.37,7.41,0.8,-0.16,0.21,2.84,12.59,6.25,11.51
"2017-05-26 06:04:02",286,7,1,3.032,13.277,57.1,3.032,3.032,99.05,10.37,7.4,0.87,-0.15,0.21,2.05,9.22,6.24,11.5
"2017-05-26 06:05:18",287,7,1,4.021,13.214,57.14,4.021,4.022,98.64,10.34,7.4,0.83,-0.08,0.29,2.11,9.44,6.25,11.5
"2017-05-26 06:06:36",288,7,1,5.103,12.739,57.34,5.103,5.103,97.4,10.32,7.34,1.01,-0.15,0.22,1.69,7.65,6.25,11.51
"2017-05-26 06:07:52",289,7,1,6.027,12.672,57.29,6.027,6.028,97.35,10.33,7.3,0.82,-0.1,0.27,5.7,24.8,6.24,11.51
"2017-05-26 06:09:08",290,7,1,7.014,11.968,57.66,7.014,7.015,95.4,10.29,7.24,1.11,-0.12,0.25,3.24,14.3,6.24,11.44
"2017-05-26 06:10:24",291,7,1,8.03,11.243,58.06,8.028,8.028,93.04,10.2,7.15,0.75,-0.08,0.29,2.52,11.21,6.25,11.51
"2017-05-26 06:11:42",292,7,1,9.09,10.956,58.04,9.088,9.087,92.27,10.18,7.08,0.87,-0.08,0.29,2.04,9.15,6.25,11.5
"2017-05-26 06:12:58",293,7,1,10.01,9.743,58.63,10.011,10.011,88.27,10.02,6.99,0.65,-0.2,0.17,1.52,6.94,6.25,11.5
"2017-05-26 06:14:17",294,7,1,11.09,9.501,58.62,11.092,11.092,87.31,9.97,6.92,0.57,-0.19,0.18,1.33,6.12,6.25,11.48
"2017-05-26 06:15:33",295,7,1,12.01,9.392,58.6,12.012,12.012,87.01,9.96,6.89,0.58,-0.19,0.18,1.15,5.36,6.24,11.5
"2017-05-26 06:16:52",296,7,1,13.1,8.994,58.98,13.099,13.098,85.5,9.88,6.86,0.55,-0.23,0.14,0.75,3.66,6.24,11.44
"2017-05-26 06:18:08",297,7,1,14.02,8.614,59.27,14.018,14.017,84.08,9.81,6.82,0.53,-0.24,0.13,0.8,3.83,6.25,11.51
"2017-05-26 06:19:26",298,7,1,15.08,8.426,59.3,15.076,15.076,83.01,9.73,6.79,0.67,-0.24,0.13,0.72,3.51,6.25,11.48
"2017-05-26 06:20:44",299,7,1,16.09,8.279,59.43,16.09,16.09,82.69,9.73,6.77,0.58,-0.23,0.14,0.69,3.4,6.25,11.51
"2017-05-26 06:22:00",300,7,1,17,7.999,59.55,16.999,16.998,81.74,9.68,6.74,0.53,-0.23,0.14,0.66,3.25,6.24,11.48
"2017-05-26 06:23:19",301,7,1,18.07,7.704,59.76,18.068,18.068,79.79,9.52,6.71,0.57,-0.25,0.12,0.39,2.1,6.25,11.51
"2017-05-26 06:24:37",302,7,1,19.07,7.42,60.06,19.071,19.071,78.33,9.41,6.68,0.64,-0.27,0.1,0.42,2.23,6.24,11.44
"2017-05-26 06:25:55",303,7,1,20.08,7.238,60.12,20.076,20.075,77.05,9.3,6.66,0.68,-0.28,0.08,0.29,1.69,6.25,11.46
"2017-05-26 06:27:20",304,7,1,21.07,7.094,60.25,21.07,21.071,75.7,9.17,6.63,0.65,-0.27,0.1,0.23,1.41,6.24,11.51
"2017-05-26 06:28:45",305,7,1,22.05,7.067,60.18,22.054,22.054,75.95,9.2,6.62,0.73,-0.27,0.1,0.24,1.47,6.25,11.5
"2017-05-26 06:30:11",306,7,1,23.05,6.993,60.25,23.046,23.046,75.22,9.13,6.61,0.84,-0.27,0.1,0.26,1.55,6.25,11.48
"2017-05-26 06:31:37",307,7,1,24.04,6.934,60.37,24.043,24.044,73.87,8.98,6.6,0.87,-0.25,0.12,0.22,1.36,6.25,11.48
"2017-05-26 06:33:01",308,7,1,24.86,6.891,60.48,24.859,24.858,72.88,8.87,6.6,0.94,-0.26,0.1,0.23,1.4,6.25,11.5
"2017-05-26 12:01:27",309,8,1,0.959,13.46,56.95,0.959,0.958,99.92,10.42,7.45,0.82,-0.17,0.2,1.8,8.13,6.25,12.12
"2017-05-26 12:02:44",310,8,1,2.042,13.456,56.96,2.042,2.043,99.9,10.42,7.45,0.82,-0.19,0.18,1.88,8.47,6.25,12.12
"2017-05-26 12:04:00",311,8,1,3.061,13.449,56.97,3.061,3.062,99.67,10.4,7.45,0.74,-0.18,0.18,1.4,6.41,6.25,12.12
"2017-05-26 12:05:16",312,8,1,4.063,13.367,57.04,4.063,4.063,99,10.35,7.43,0.75,-0.16,0.21,2.04,9.15,6.25,12.12
"2017-05-26 12:06:32",313,8,1,5.057,13.324,57.06,5.057,5.057,98.57,10.31,7.41,0.78,-0.2,0.17,2.4,10.69,6.25,12.12
"2017-05-26 12:07:48",314,8,1,6.081,11.801,57.95,6.081,6.081,96.15,10.41,7.3,0.96,-0.1,0.26,3.5,15.39,6.25,12.12
"2017-05-26 12:09:03",315,8,1,7.037,11.79,57.91,7.037,7.037,96.16,10.41,7.23,0.83,-0.11,0.26,3.15,13.9,6.25,12.12
"2017-05-26 12:10:19",316,8,1,8.06,11.006,58.04,8.061,8.06,92.58,10.21,7.12,0.73,-0.13,0.24,1.57,7.14,6.25,12.12
"2017-05-26 12:11:35",317,8,1,9.05,10.903,58,9.045,9.046,91.85,10.15,7.06,0.68,-0.12,0.25,2.07,9.29,6.25,12.12
"2017-05-26 12:12:51",318,8,1,10.03,10.165,58.2,10.029,10.028,89.12,10.02,6.98,0.67,-0.16,0.21,1.36,6.26,6.25,12.12
"2017-05-26 12:14:07",319,8,1,11.03,9.881,58.35,11.03,11.03,88.83,10.05,6.95,0.55,-0.17,0.2,1.32,6.08,6.25,12.12
"2017-05-26 12:15:23",320,8,1,12.05,9.395,58.57,12.051,12.051,86.92,9.95,6.9,0.59,-0.2,0.17,1.2,5.58,6.25,12.12
"2017-05-26 12:16:39",321,8,1,13.03,8.792,59.02,13.034,13.034,84.45,9.81,6.85,0.57,-0.23,0.14,0.87,4.16,6.25,12.12
"2017-05-26 12:17:57",322,8,1,14.12,8.647,59.12,14.121,14.123,84.06,9.8,6.81,0.58,-0.2,0.16,0.91,4.3,6.25,12.12
"2017-05-26 12:19:13",323,8,1,15.06,8.381,59.3,15.064,15.063,83.11,9.75,6.79,0.57,-0.2,0.17,0.77,3.74,6.25,12.17
"2017-05-26 12:20:29",324,8,1,16.04,7.912,59.6,16.042,16.04,80.69,9.58,6.74,0.58,-0.26,0.11,0.57,2.85,6.25,12.16
"2017-05-26 12:21:47",325,8,1,17.11,7.701,59.72,17.106,17.105,79.73,9.51,6.71,0.59,-0.24,0.13,0.55,2.77,6.25,12.15
"2017-05-26 12:23:03",326,8,1,18.03,7.551,59.83,18.031,18.029,78.72,9.42,6.69,0.66,-0.28,0.09,0.44,2.3,6.25,12.16
"2017-05-26 12:24:19",327,8,1,19,7.491,59.86,19.001,19.002,78.68,9.43,6.68,0.6,-0.25,0.12,0.47,2.44,6.25,12.17
"2017-05-26 12:25:38",328,8,1,20.1,7.249,60.05,20.096,20.094,76.5,9.23,6.65,0.67,-0.26,0.11,0.33,1.83,6.25,12.24
"2017-05-26 12:27:01",329,8,1,21.02,7.155,60.11,21.022,21.023,76.17,9.21,6.64,0.7,-0.27,0.1,0.32,1.8,6.25,12.25
"2017-05-26 12:28:24",330,8,1,22.03,7.131,60.13,22.03,22.025,76.19,9.22,6.63,0.74,-0.25,0.12,0.31,1.77,6.25,12.29
"2017-05-26 12:29:47",331,8,1,23.02,7.021,60.26,23.024,23.024,75.04,9.1,6.62,0.81,-0.28,0.08,0.22,1.37,6.25,12.31
"2017-05-26 12:31:10",332,8,1,24.01,6.967,60.31,24.014,24.015,74.6,9.06,6.61,0.78,-0.27,0.1,0.17,1.17,6.25,12.22
"2017-05-26 12:32:35",333,8,1,25.1,6.925,60.37,25.098,25.101,73.69,8.96,6.6,0.88,-0.28,0.09,0.21,1.31,6.25,12.27
